customer_id,customer_name,customer_phone,customer_email,customer_password,customer_status,customer_ip,customer_located,customer_device,created_at,updated_at,deleted_at
345,Ngô Văn Phong,333318206,ngovanphong973@yahoo.com,e10adc3949ba59abbe56e057f20f883e,1,127.0.0.1,Đà Nẵng,Mozilla/5.0,2024-04-11 17:00:00,2024-04-11 17:00:00,
",
346",Bùi Hữu Dũng,435528741,buihuudung485@gmail.com,e10adc3949ba59abbe56e057f20f883e,1,127.0.0.1,Hải Phòng,Mozilla/5.0,2024-10-14 17:00:00,2024-10-14 17:00:00,
",
347",Võ Minh Phong,696098177,vominhphong172@vku.udn.vn,e10adc3949ba59abbe56e057f20f883e,1,127.0.0.1,Hà Nội,Mozilla/5.0,2024-11-05 17:00:00,2024-11-05 17:00:00,
",
348",Ngô Hữu Hùng,416070149,ngohuuhung593@gmail.com,e10adc3949ba59abbe56e057f20f883e,1,127.0.0.1,Quy Nhơn,Mozilla/5.0,2024-06-07 17:00:00,2024-06-07 17:00:00,
",
349",Đỗ Quốc Linh,512954978,doquoclinh78@vku.udn.vn,e10adc3949ba59abbe56e057f20f883e,1,127.0.0.1,Hải Phòng,Mozilla/5.0,2024-12-18 17:00:00,2024-12-18 17:00:00,
",
350",Trần Minh Hạnh,944687060,tranminhhanh825@gmail.com,e10adc3949ba59abbe56e057f20f883e,1,127.0.0.1,Đà Nẵng,Mozilla/5.0,2024-10-15 17:00:00,2024-10-15 17:00:00,
",
351",Phan Thu Linh,697897455,phanthulinh71@vku.udn.vn,e10adc3949ba59abbe56e057f20f883e,1,127.0.0.1,Huế,Mozilla/5.0,2024-11-26 17:00:00,2024-11-26 17:00:00,
",
352",Nguyễn Quốc Hạnh,826350075,nguyenquochanh109@outlook.com,e10adc3949ba59abbe56e057f20f883e,1,127.0.0.1,Đà Lạt,Mozilla/5.0,2024-07-03 17:00:00,2024-07-03 17:00:00,
",
353",Hồ Hữu Linh,489125618,hohuulinh752@vku.udn.vn,e10adc3949ba59abbe56e057f20f883e,1,127.0.0.1,Cần Thơ,Mozilla/5.0,2024-11-28 17:00:00,2024-11-28 17:00:00,
",
354",Bùi Thu Phong,819151495,buithuphong477@outlook.com,e10adc3949ba59abbe56e057f20f883e,1,127.0.0.1,Cần Thơ,Mozilla/5.0,2024-10-29 17:00:00,2024-10-29 17:00:00,
",
355",Phan Đức Hạnh,393053577,phanduchanh286@outlook.com,e10adc3949ba59abbe56e057f20f883e,1,127.0.0.1,Đà Lạt,Mozilla/5.0,2024-05-03 17:00:00,2024-05-03 17:00:00,
",
356",Bùi Hoàng Long,706936666,buihoanglong345@gmail.com,e10adc3949ba59abbe56e057f20f883e,1,127.0.0.1,Huế,Mozilla/5.0,2024-09-09 17:00:00,2024-09-09 17:00:00,
",
357",Lê Hải Dũng,680990401,lehaidung817@hotmail.com,e10adc3949ba59abbe56e057f20f883e,1,127.0.0.1,Cần Thơ,Mozilla/5.0,2024-06-22 17:00:00,2024-06-22 17:00:00,
",
358",Lý Hoàng Nam,596641124,lyhoangnam570@gmail.com,e10adc3949ba59abbe56e057f20f883e,1,127.0.0.1,Hải Phòng,Mozilla/5.0,2024-09-20 17:00:00,2024-09-20 17:00:00,
",
359",Trần Đức Nam,736398872,tranducnam501@vku.udn.vn,e10adc3949ba59abbe56e057f20f883e,1,127.0.0.1,Đà Lạt,Mozilla/5.0,2024-05-02 17:00:00,2024-05-02 17:00:00,
",
360",Đỗ Hải Mai,318514813,dohaimai96@hotmail.com,e10adc3949ba59abbe56e057f20f883e,1,127.0.0.1,Nha Trang,Mozilla/5.0,2024-04-22 17:00:00,2024-04-22 17:00:00,
",
361",Hồ Đức Hùng,924440558,hoduchung378@outlook.com,e10adc3949ba59abbe56e057f20f883e,1,127.0.0.1,Vũng Tàu,Mozilla/5.0,2024-10-09 17:00:00,2024-10-09 17:00:00,
",
362",Phan Quốc Nam,890975123,phanquocnam339@hotmail.com,e10adc3949ba59abbe56e057f20f883e,1,127.0.0.1,Đà Lạt,Mozilla/5.0,2024-12-24 17:00:00,2024-12-24 17:00:00,
",
363",Hoàng Minh Hùng,547538338,hoangminhhung124@yahoo.com,e10adc3949ba59abbe56e057f20f883e,1,127.0.0.1,Hà Nội,Mozilla/5.0,2024-06-09 17:00:00,2024-06-09 17:00:00,
",
364",Hồ Thu Phong,498803134,hothuphong197@yahoo.com,e10adc3949ba59abbe56e057f20f883e,1,127.0.0.1,Cần Thơ,Mozilla/5.0,2024-09-03 17:00:00,2024-09-03 17:00:00,
",
365",Hồ Hoàng Phong,863324548,hohoangphong612@hotmail.com,e10adc3949ba59abbe56e057f20f883e,1,127.0.0.1,Hải Phòng,Mozilla/5.0,2024-02-20 17:00:00,2024-02-20 17:00:00,
",
366",Hoàng Đức Lan,492673892,hoangduclan310@gmail.com,e10adc3949ba59abbe56e057f20f883e,1,127.0.0.1,Vũng Tàu,Mozilla/5.0,2024-12-27 17:00:00,2024-12-27 17:00:00,
",
367",Lê Minh Anh,358546865,leminhanh567@hotmail.com,e10adc3949ba59abbe56e057f20f883e,1,127.0.0.1,TP.HCM,Mozilla/5.0,2024-12-22 17:00:00,2024-12-22 17:00:00,
",
368",Đỗ Hải Bình,313169872,dohaibinh588@hotmail.com,e10adc3949ba59abbe56e057f20f883e,1,127.0.0.1,Đà Lạt,Mozilla/5.0,2024-08-27 17:00:00,2024-08-27 17:00:00,
",
369",Võ Thanh Cường,355165334,vothanhcuong259@outlook.com,e10adc3949ba59abbe56e057f20f883e,1,127.0.0.1,Hà Nội,Mozilla/5.0,2024-02-27 17:00:00,2024-02-27 17:00:00,
",
370",Vũ Hải Bình,919571745,vuhaibinh645@gmail.com,e10adc3949ba59abbe56e057f20f883e,1,127.0.0.1,TP.HCM,Mozilla/5.0,2024-03-17 17:00:00,2024-03-17 17:00:00,
",
371",Ngô Hoàng Hùng,391462297,ngohoanghung255@gmail.com,e10adc3949ba59abbe56e057f20f883e,1,127.0.0.1,Nha Trang,Mozilla/5.0,2024-10-11 17:00:00,2024-10-11 17:00:00,
",
372",Bùi Hoàng Phong,964021648,buihoangphong232@vku.udn.vn,e10adc3949ba59abbe56e057f20f883e,1,127.0.0.1,Đà Lạt,Mozilla/5.0,2024-07-12 17:00:00,2024-07-12 17:00:00,
",
373",Lý Hải Hùng,931924051,lyhaihung440@hotmail.com,e10adc3949ba59abbe56e057f20f883e,1,127.0.0.1,Quy Nhơn,Mozilla/5.0,2024-10-17 17:00:00,2024-10-17 17:00:00,
",
374",Nguyễn Hoàng Nam,406551233,nguyenhoangnam971@yahoo.com,e10adc3949ba59abbe56e057f20f883e,1,127.0.0.1,Hải Phòng,Mozilla/5.0,2024-11-15 17:00:00,2024-11-15 17:00:00,
",
375",Hoàng Thị Cường,557553274,hoangthicuong178@vku.udn.vn,e10adc3949ba59abbe56e057f20f883e,1,127.0.0.1,TP.HCM,Mozilla/5.0,2024-02-07 17:00:00,2024-02-07 17:00:00,
",
376",Nguyễn Quốc Mai,937599912,nguyenquocmai482@hotmail.com,e10adc3949ba59abbe56e057f20f883e,1,127.0.0.1,Hải Phòng,Mozilla/5.0,2024-01-16 17:00:00,2024-01-16 17:00:00,
",
377",Hoàng Minh Nam,787512424,hoangminhnam73@yahoo.com,e10adc3949ba59abbe56e057f20f883e,1,127.0.0.1,Quy Nhơn,Mozilla/5.0,2024-05-14 17:00:00,2024-05-14 17:00:00,
",
378",Đỗ Đức Linh,423240112,doduclinh558@yahoo.com,e10adc3949ba59abbe56e057f20f883e,1,127.0.0.1,TP.HCM,Mozilla/5.0,2024-11-26 17:00:00,2024-11-26 17:00:00,
",
379",Lý Minh Hạnh,452725050,lyminhhanh74@gmail.com,e10adc3949ba59abbe56e057f20f883e,1,127.0.0.1,Cần Thơ,Mozilla/5.0,2024-03-24 17:00:00,2024-03-24 17:00:00,
",
380",Bùi Hoàng Hương,609893263,buihoanghuong450@gmail.com,e10adc3949ba59abbe56e057f20f883e,1,127.0.0.1,Cần Thơ,Mozilla/5.0,2024-08-26 17:00:00,2024-08-26 17:00:00,
",
381",Hồ Quốc Hùng,837377910,hoquochung553@outlook.com,e10adc3949ba59abbe56e057f20f883e,1,127.0.0.1,Hà Nội,Mozilla/5.0,2024-08-11 17:00:00,2024-08-11 17:00:00,
",
382",Bùi Văn Hương,763887247,buivanhuong753@hotmail.com,e10adc3949ba59abbe56e057f20f883e,1,127.0.0.1,Cần Thơ,Mozilla/5.0,2024-11-04 17:00:00,2024-11-04 17:00:00,
",
383",Nguyễn Thị Dũng,917615339,nguyenthidung602@gmail.com,e10adc3949ba59abbe56e057f20f883e,1,127.0.0.1,Cần Thơ,Mozilla/5.0,2024-12-09 17:00:00,2024-12-09 17:00:00,
",
384",Bùi Văn Phong,488109614,buivanphong482@vku.udn.vn,e10adc3949ba59abbe56e057f20f883e,1,127.0.0.1,Đà Lạt,Mozilla/5.0,2024-11-28 17:00:00,2024-11-28 17:00:00,
",
385",Lý Minh Cường,928492896,lyminhcuong447@outlook.com,e10adc3949ba59abbe56e057f20f883e,1,127.0.0.1,Đà Lạt,Mozilla/5.0,2024-02-15 17:00:00,2024-02-15 17:00:00,
",
386",Phan Quốc Lan,644733679,phanquoclan687@gmail.com,e10adc3949ba59abbe56e057f20f883e,1,127.0.0.1,Huế,Mozilla/5.0,2024-03-22 17:00:00,2024-03-22 17:00:00,
",
387",Vũ Hải Hùng,729982328,vuhaihung834@vku.udn.vn,e10adc3949ba59abbe56e057f20f883e,1,127.0.0.1,Đà Lạt,Mozilla/5.0,2024-01-18 17:00:00,2024-01-18 17:00:00,
",
388",Trần Thanh Hùng,647112584,tranthanhhung119@outlook.com,e10adc3949ba59abbe56e057f20f883e,1,127.0.0.1,Đà Nẵng,Mozilla/5.0,2024-09-19 17:00:00,2024-09-19 17:00:00,
",
389",Đỗ Thu Mai,743721204,dothumai56@yahoo.com,e10adc3949ba59abbe56e057f20f883e,1,127.0.0.1,Huế,Mozilla/5.0,2024-09-21 17:00:00,2024-09-21 17:00:00,
",
390",Bùi Hải Long,774637858,buihailong779@gmail.com,e10adc3949ba59abbe56e057f20f883e,1,127.0.0.1,Cần Thơ,Mozilla/5.0,2024-04-13 17:00:00,2024-04-13 17:00:00,
",
391",Đặng Hữu Hương,609268943,danghuuhuong449@outlook.com,e10adc3949ba59abbe56e057f20f883e,1,127.0.0.1,Đà Nẵng,Mozilla/5.0,2024-03-02 17:00:00,2024-03-02 17:00:00,
",
392",Đỗ Hoàng Phong,556943695,dohoangphong727@yahoo.com,e10adc3949ba59abbe56e057f20f883e,1,127.0.0.1,Vũng Tàu,Mozilla/5.0,2024-06-07 17:00:00,2024-06-07 17:00:00,
",
393",Nguyễn Thu Linh,400082623,nguyenthulinh231@gmail.com,e10adc3949ba59abbe56e057f20f883e,1,127.0.0.1,Hà Nội,Mozilla/5.0,2024-08-23 17:00:00,2024-08-23 17:00:00,
",
394",Đỗ Hữu Mai,613383963,dohuumai522@hotmail.com,e10adc3949ba59abbe56e057f20f883e,1,127.0.0.1,Đà Lạt,Mozilla/5.0,2024-07-30 17:00:00,2024-07-30 17:00:00,
",
395",Võ Đức Mai,891916368,voducmai149@outlook.com,e10adc3949ba59abbe56e057f20f883e,1,127.0.0.1,Quy Nhơn,Mozilla/5.0,2024-04-06 17:00:00,2024-04-06 17:00:00,
",
396",Đặng Hữu Hạnh,374958005,danghuuhanh283@outlook.com,e10adc3949ba59abbe56e057f20f883e,1,127.0.0.1,Vũng Tàu,Mozilla/5.0,2024-06-22 17:00:00,2024-06-22 17:00:00,
",
397",Hoàng Văn Hùng,620571903,hoangvanhung858@vku.udn.vn,e10adc3949ba59abbe56e057f20f883e,1,127.0.0.1,Đà Lạt,Mozilla/5.0,2024-10-22 17:00:00,2024-10-22 17:00:00,
",
398",Dương Hữu Mai,878296492,duonghuumai496@hotmail.com,e10adc3949ba59abbe56e057f20f883e,1,127.0.0.1,Vũng Tàu,Mozilla/5.0,2024-06-18 17:00:00,2024-06-18 17:00:00,
",
399",Ngô Thu Linh,788922557,ngothulinh956@hotmail.com,e10adc3949ba59abbe56e057f20f883e,1,127.0.0.1,Hải Phòng,Mozilla/5.0,2024-04-05 17:00:00,2024-04-05 17:00:00,
